{
  "$schema": "http://json-schema.org/draft-07/schema#",
  "type": "object",
  "additionalProperties": false,
  "properties": {
    "filter": {
      "title": "Filter condition",
      "description": "The condition to apply to filter messages (supports EL). If the message matches the filtering condition, it is returned, otherwise it is filtered.",
      "type": "string"
    },
    "filterMessageOnFilteringError": {
      "title": "Filter message when an error occurs on applying filter on it",
      "description": "This option allows for filter message when an error occurs on applying filter on it, i.e. Spel syntaxe error.",
      "type": "boolean",
      "default": true
    }
  },
  "required": ["filter"]
}
