{
    "$schema": "http://json-schema.org/draft-07/schema#",
    "type": "object",
    "properties": {
        "key": {
            "type": "string",
            "default": "",
            "title": "Key",
            "description": "Custom kafka message key for your messages. Supports EL."
        },
        "setUnresolvedKeysToNull": {
            "type": "boolean",
            "default": false,
            "title": "Set Unresolved Keys to Null",
            "description": "When enabled, and the expression results in an error, set the key to null. Otherwise, throw an error."
        }
    }
}
