{
    "$schema": "http://json-schema.org/draft-07/schema#",
    "type": "object",
    "properties": {
        "storage": {
            "type": "object",
            "title": "Storage",
            "description": "Storage resource to use for offloading. This is used to store the offloaded data.",
            "properties": {
                "resourceName": {
                    "type": "string",
                    "title": "Storage resource name",
                    "gioConfig": {
                        "uiType": "resource-type",
                        "uiTypeProps": {
                            "resourceType": "storage"
                        }
                    }
                },
                "locationName": {
                    "type": "string",
                    "title": "Location name (optional) (Support EL)",
                    "description": "Override the default location name for the resource. Leave empty to use the default"
                }
            },
            "gioConfig": {
                "uiBorder": "none"
            },
            "required": ["resourceName"]
        },
        "header": {
            "type": "object",
            "title": "Offloading Header",
            "description": "Header used to store the offloaded data id. This is used retrieve the offloaded data.",
            "properties": {
                "name": {
                    "type": "string",
                    "title": "Header Name",
                    "description": "Header added to the record to store the offloaded data id",
                    "default": "__GIO_OFFLOADING_POLICY"
                },
                "value": {
                    "type": "string",
                    "title": "Header Value (Support EL)",
                    "description": "If empty, the header value is a unique ID for each record. You can use EL to define a custom value. For example, you can reference a record header or other elements using EL",
                    "gioConfig": {
                        "displayIf": {
                            "$eq": {
                                "context.flowPhase": ["PUBLISH"]
                            }
                        }
                    }
                }
            },
            "required": ["name"],
            "gioConfig": {
                "uiBorder": "none"
            }
        },
        "activation": {
            "type": "object",
            "title": "Offloading Activation",
            "description": "Size of record content in bytes to offload the data. If the data is greater than this size, it will be offloaded.",
            "properties": {
                "size": {
                    "type": "integer",
                    "title": "Size",
                    "minimum": 0,
                    "description": "If empty, offload any record"
                },
                "unit": {
                    "type": "string",
                    "title": "Unit",
                    "description": "Defines the unit of the size.",
                    "default": "Bytes",
                    "enum": ["Megabytes", "Kilobytes", "Bytes"]
                }
            },
            "gioConfig": {
                "uiBorder": "none",
                "displayIf": {
                    "$eq": {
                        "context.flowPhase": ["PUBLISH"]
                    }
                }
            }
        }
    },
    "required": ["storage", "header"]
}
